timestamp_dublin,club,url,status,screenshot
2026-10-06T08:33:03+01:00,Star Padel,https://playtomic.com/clubs/star-padel-club,ok,/home/runner/work/Data-For-Me/Data-For-Me/screenshots/star-padel_2026-10-06_0832.png
2026-10-06T08:33:16+01:00,House of Padel,https://playtomic.com/clubs/house-of-padel,ok,/home/runner/work/Data-For-Me/Data-For-Me/screenshots/house-of-padel_2026-10-06_0832.png
2026-10-06T08:33:28+01:00,OB Padel,https://playtomic.com/clubs/ob-padel,ok,/home/runner/work/Data-For-Me/Data-For-Me/screenshots/ob-padel_2026-10-06_0832.png
2026-10-06T08:33:39+01:00,Padel Dome,https://padeldome-ie.matchpoint.com.es/Booking/Grid.aspx,ok,/home/runner/work/Data-For-Me/Data-For-Me/screenshots/padel-dome_2026-10-06_0832.png
2026-10-06T08:33:58+01:00,Project Padel Galway,https://rallyd.club/club/project-padel/galway,ok,/home/runner/work/Data-For-Me/Data-For-Me/screenshots/project-padel-galway_2026-10-06_0832.png
2026-10-06T08:40:47+01:00,Star Padel,https://playtomic.com/clubs/star-padel-club,http 403,/home/runner/work/Data-For-Me/Data-For-Me/screenshots/star-padel_2026-10-06_0840.png
2026-10-06T08:40:59+01:00,House of Padel,https://playtomic.com/clubs/house-of-padel,http 403,/home/runner/work/Data-For-Me/Data-For-Me/screenshots/house-of-padel_2026-10-06_0840.png
2026-10-06T08:41:11+01:00,OB Padel,https://playtomic.com/clubs/ob-padel,http 403,/home/runner/work/Data-For-Me/Data-For-Me/screenshots/ob-padel_2026-10-06_0840.png
2026-10-06T08:41:21+01:00,Padel Dome,https://padeldome-ie.matchpoint.com.es/Booking/Grid.aspx,ok,/home/runner/work/Data-For-Me/Data-For-Me/screenshots/padel-dome_2026-10-06_0840.png
2026-10-06T08:41:38+01:00,Project Padel Galway,https://rallyd.club/club/project-padel/galway,ok,/home/runner/work/Data-For-Me/Data-For-Me/screenshots/project-padel-galway_2026-10-06_0840.png
2026-10-06T20:18:21+01:00,Star Padel,https://playtomic.com/clubs/star-padel-club,http 403,/home/runner/work/Data-For-Me/Data-For-Me/screenshots/star-padel_2026-10-06_2018.png
2026-10-06T20:18:33+01:00,House of Padel,https://playtomic.com/clubs/house-of-padel,http 403,/home/runner/work/Data-For-Me/Data-For-Me/screenshots/house-of-padel_2026-10-06_2018.png
2026-10-06T20:18:45+01:00,OB Padel,https://playtomic.com/clubs/ob-padel,http 403,/home/runner/work/Data-For-Me/Data-For-Me/screenshots/ob-padel_2026-10-06_2018.png
2026-10-06T20:18:56+01:00,Padel Dome,https://padeldome-ie.matchpoint.com.es/Booking/Grid.aspx,ok,/home/runner/work/Data-For-Me/Data-For-Me/screenshots/padel-dome_2026-10-06_2018.png
2026-10-06T20:19:13+01:00,Project Padel Galway,https://rallyd.club/club/project-padel/galway,ok,/home/runner/work/Data-For-Me/Data-For-Me/screenshots/project-padel-galway_2026-10-06_2018.png
2026-10-06T21:53:01+01:00,Star Padel,https://playtomic.com/clubs/star-padel-club,http 403,/home/runner/work/Data-For-Me/Data-For-Me/screenshots/star-padel_2026-10-06_2152.png
2026-10-06T21:53:13+01:00,House of Padel,https://playtomic.com/clubs/house-of-padel,http 403,/home/runner/work/Data-For-Me/Data-For-Me/screenshots/house-of-padel_2026-10-06_2152.png
2026-10-06T21:53:25+01:00,OB Padel,https://playtomic.com/clubs/ob-padel,http 403,/home/runner/work/Data-For-Me/Data-For-Me/screenshots/ob-padel_2026-10-06_2152.png
2026-10-06T21:53:36+01:00,Padel Dome,https://padeldome-ie.matchpoint.com.es/Booking/Grid.aspx,ok,/home/runner/work/Data-For-Me/Data-For-Me/screenshots/padel-dome_2026-10-06_2152.png
2026-10-06T21:53:53+01:00,Project Padel Galway,https://rallyd.club/club/project-padel/galway,ok,/home/runner/work/Data-For-Me/Data-For-Me/screenshots/project-padel-galway_2026-10-06_2152.png
2026-10-07T20:21:57+01:00,Star Padel,https://playtomic.com/clubs/star-padel-club,http 403,/home/runner/work/Data-For-Me/Data-For-Me/screenshots/star-padel_2026-10-07_2021.png
2026-10-07T20:22:09+01:00,House of Padel,https://playtomic.com/clubs/house-of-padel,http 403,/home/runner/work/Data-For-Me/Data-For-Me/screenshots/house-of-padel_2026-10-07_2021.png
2026-10-07T20:22:21+01:00,OB Padel,https://playtomic.com/clubs/ob-padel,http 403,/home/runner/work/Data-For-Me/Data-For-Me/screenshots/ob-padel_2026-10-07_2021.png
2026-10-07T20:22:32+01:00,Padel Dome,https://padeldome-ie.matchpoint.com.es/Booking/Grid.aspx,ok,/home/runner/work/Data-For-Me/Data-For-Me/screenshots/padel-dome_2026-10-07_2021.png
2026-10-07T20:22:49+01:00,Project Padel Galway,https://rallyd.club/club/project-padel/galway,ok,/home/runner/work/Data-For-Me/Data-For-Me/screenshots/project-padel-galway_2026-10-07_2021.png
2026-10-07T21:49:04+01:00,Star Padel,https://playtomic.com/clubs/star-padel-club,http 403,/home/runner/work/Data-For-Me/Data-For-Me/screenshots/star-padel_2026-10-07_2148.png
2026-10-07T21:49:16+01:00,House of Padel,https://playtomic.com/clubs/house-of-padel,http 403,/home/runner/work/Data-For-Me/Data-For-Me/screenshots/house-of-padel_2026-10-07_2148.png
2026-10-07T21:49:28+01:00,OB Padel,https://playtomic.com/clubs/ob-padel,http 403,/home/runner/work/Data-For-Me/Data-For-Me/screenshots/ob-padel_2026-10-07_2148.png
2026-10-07T21:49:39+01:00,Padel Dome,https://padeldome-ie.matchpoint.com.es/Booking/Grid.aspx,ok,/home/runner/work/Data-For-Me/Data-For-Me/screenshots/padel-dome_2026-10-07_2148.png
2026-10-07T21:49:56+01:00,Project Padel Galway,https://rallyd.club/club/project-padel/galway,ok,/home/runner/work/Data-For-Me/Data-For-Me/screenshots/project-padel-galway_2026-10-07_2148.png
2026-10-08T20:20:17+01:00,Star Padel,https://playtomic.com/clubs/star-padel-club,http 403,/home/runner/work/Data-For-Me/Data-For-Me/screenshots/star-padel_2026-10-08_2020.png
2026-10-08T20:20:29+01:00,House of Padel,https://playtomic.com/clubs/house-of-padel,http 403,/home/runner/work/Data-For-Me/Data-For-Me/screenshots/house-of-padel_2026-10-08_2020.png
2026-10-08T20:20:41+01:00,OB Padel,https://playtomic.com/clubs/ob-padel,http 403,/home/runner/work/Data-For-Me/Data-For-Me/screenshots/ob-padel_2026-10-08_2020.png
2026-10-08T20:20:52+01:00,Padel Dome,https://padeldome-ie.matchpoint.com.es/Booking/Grid.aspx,ok,/home/runner/work/Data-For-Me/Data-For-Me/screenshots/padel-dome_2026-10-08_2020.png
2026-10-08T20:21:10+01:00,Project Padel Galway,https://rallyd.club/club/project-padel/galway,ok,/home/runner/work/Data-For-Me/Data-For-Me/screenshots/project-padel-galway_2026-10-08_2020.png
